"rig","well","event","remark","startTime","endTime","count_HR","historian"
157,"SHB 62-04","Downtime - Top drive","Downtime - Top Drive, REMOVE FAULTY TRACTION MOTOR, NEW MOTOR ARRIVED @ 24:00,",2016-03-29 18:00:05,2016-03-30 05:58:55,12,"Prior"
616,"CLUSTER 40B SURFACE HOLES","Downtime - Top drive","DOWNTIME - TOP DRIVE TAKE OUT BLOWER MOTOR",2016-04-27 08:15:05,2016-04-27 15:59:55,7.8,""
616,"CLUSTER 40B SURFACE HOLES","Downtime - Top drive","DOWNTIME - TOP DRIVE WAIT ON TOP DRIVE FAN MOTOR/ INSTALL FAN MOTOR",2016-04-27 16:15:05,2016-04-27 23:59:55,7.8,""
157,"SHB 62-04","Downtime - Top drive","Downtime - Top Drive: TROUBLE SHOOT POWER TO TRACTION MOTOR",2016-03-29 11:00:05,2016-03-29 17:58:55,7,"Prior"
153,"Progress HZ Graham a-B45-L/94-B-8","Downtime - Top drive","DOWNTIME - TOP DRIVE REMOVE TOP DRIVE MOTOR WAIT ON REPLACEMENT MOTOR (MONITOR WELL) CIRC WITH 2  INCH",2016-01-02 12:00:05,2016-01-02 18:44:55,6.8,""
153,"Progress HZ Graham a-B45-L/94-B-8","Downtime - Top drive","DOWNTIME - TOP DRIVE (INSTALL BLOWER AND DRIVE MOTOR)",2016-01-02 21:45:05,2016-01-03 04:14:55,6.5,""
151,"TYCOON E 1053 H","Downtime - Top drive","C/O TOP DRIVE MOTOR    MONT WELL ON TRIP TANK",2016-03-02 18:15:05,2016-03-03 00:29:55,6.2,"Yes"
121,"Spaur 10Q-241","Downtime - Top drive","Downtime - Top Drive REMOVE KELLY HOSE & GOOSE NECK HAD A WELDER COME OUT",2016-03-10 20:00:05,2016-03-11 01:59:55,6,"Prior"
151,"TYCOON E 1053 H","Downtime - Top drive","T.O.H F/ 7137' - 1775', CHANGE T.D MOTOR, MON WELL,WITH OPEN TIW VALVE .",2016-03-02 12:00:05,2016-03-02 17:58:55,6,"Yes"
151,"TYCOON E 1053 H","Downtime - Top drive","TROUBLE SHOOT ENCODER    C/O  ENCODER & ISOLATOR  VAVLES",2016-03-03 01:00:05,2016-03-03 05:58:55,5,"Yes"
769,"HAYHURST SW3 7HC","Downtime - Top drive","TROUBLE SHOOT TD, PIPE HANDLER LOCK SHOWING OPEN POSITION CAUSING QUILL TO KICK OUT WHILE DRILLING. INSTALLED NEW WIRE IN JUNCTION BOX ON TD",2016-02-25 18:00:05,2016-02-25 22:59:55,5,"Yes"
151,"TYCOON E 1006H","Downtime - Top drive","Downtime - Top Drive  TROUBLESHOOT EXCESSIVE SPIN IN CONNECTION MODE REVERSE",2016-04-19 01:30:05,2016-04-19 05:58:55,4.5,"Yes"
153,"Progress HZ Graham a-B45-L/94-B-8","Downtime - Top drive","DOWNTIME - TOP DRIVE (TROUBLE SHOOT) RACK BACK SATAND CIRC WITH 2 INCH MONITOR WELL)  REMOVE T-DRV DRIVE MOTOR",2016-01-02 08:00:05,2016-01-02 11:59:55,4,""
155,"MIDLAND AC/WYLIE B 1304 1304HB","Downtime - Top drive","TROUBLESHOOT ABB DRIVE DUE TO ID RUN FAILURE FF84, GOT NOV TECH AND ASSISTED RIG ELECTRICIAN TO RESOLVE ISSUE, REINSTALL PAREMETERS AND PERFORM ID MAG & ID RUN GOT OK, PERFORM TORQUE TEST WITH TESCO T",2016-03-25 18:00:05,2016-03-25 21:59:55,4,"Yes"
155,"MIDLAND AC/WYLIE B 1303  1310HA","Downtime - Top drive","CHANGE OUT TOP DRIVE BLOWER MOTOR, WHILE CIRCULATING AT A SLOW RATE",2016-04-20 06:00:05,2016-04-20 09:59:55,4,"Yes"
225,"DELPHI HZ BIGSTONE 15-23-60-23","Downtime - Top drive","RUN IN THE HOLE FILL PIPE EVERY 800 m FLOW CHECK @ 2293m, 4467m",2016-02-25 00:30:05,2016-02-25 04:29:55,4,""
773,"SUGG A 171-174 (ALLOC-H) 8NU","Downtime - Top drive","TROUBLESHOOT IBOP NOT OPENING PULL F/1416 T/790 @0700 CONTINUE TROUBLESHOOT FOUND BAD SWITCH ON JOYSTICK C/O SAME TIH F/790 T/1416",2016-04-04 06:00:05,2016-04-04 09:59:55,4,"Yes"
971,"SPHALERITE #1","Downtime - Top drive","TROUBLE SHOOT TDS ISSUE- FOUND SEVERED TDS CABLE. CHANGE OUT DP BAIL ARMS TO",2016-03-20 20:15:05,2016-03-20 23:58:55,3.7,""
151,"TYCOON E 1053 H","Downtime - Top drive","WORK ON T.D MOTOR WIRING.",2016-03-02 06:15:05,2016-03-02 09:44:55,3.5,"Yes"
587,"PORTER 39-A","Downtime - Top drive","Downtime - Top Drive (REPLACE PIGTAIL FOR BLOWER MOTOR)",2016-01-07 14:00:05,2016-01-07 17:29:55,3.5,""
950,"RM 14-01-2","Downtime - Top drive","Downtime - Top Drive ROTATION SENSOR TROUBLE SHOOT NO READING",2016-03-14 12:00:05,2016-03-14 15:29:55,3.5,""
950,"RM 14-01-2","Downtime - Top drive","Downtime - Top Drive/ROTATION READING DISABLED",2016-03-14 08:30:05,2016-03-14 11:58:55,3.4,""
121,"Spaur 10Q-241","Downtime - Top drive","Downtime - Top Drive KEEPS KICKING OUT CALLED TECH TO COME FIX IT",2016-03-08 13:15:05,2016-03-08 16:29:55,3.2,"Prior"
225,"DELPHI HZ BIGSTONE 15-23-60-23","Downtime - Top drive","RIG OUT AND SWAP TOP DRIVE SERVICE LOOP AND POWER UNIT",2016-02-24 20:45:05,2016-02-24 23:59:55,3.2,""
155,"MIDLAND AC/WYLIE B 1303  1310HA","Downtime - Top drive","CIRCULATE WHILE TROUBLE SHOOTING TOP DRIVE BLOWER MOTOR NOT WORKING,  CHANGE OUT BLOWER MOTOR",2016-04-20 03:00:05,2016-04-20 05:59:55,3,"Yes"
616,"CLUSTER 40B SURFACE HOLES","Downtime - Top drive","DOWNTIME - TOP DRIVE / TOP DRIVE HAND REPAIRING COUNTER BALANCE ACCUMULATORS AND REMOVING SHIMS FROM EXTEND FRAME SLIDE",2016-04-28 10:45:05,2016-04-28 13:44:55,3,""
769,"HAYHURST SW3 7HC","Downtime - Top drive","TOP DRIVE WAS KICKING OUT,, HANDLER LOCK UN LOCK WAS SHOWING UNLOCKED, SPARES IN SERVICE LOOP SHOWED BAD,TOP DRIVE TECH TROUBLE SHOT & FOUND CORROSION AND MOISTURE IN ROBOTICS PLUG, CLEANED AND DRIED ",2016-02-26 09:30:05,2016-02-26 12:29:55,3,"Yes"
771,"ROO STATE 1-4 WRD 1H","Downtime - Top drive","Downtime - Top Drive, TROUBLESHOOT HYDRAULIC ISSUES AND TD ROTARY PROBLEMS",2016-04-10 10:00:05,2016-04-10 12:59:55,3,""
771,"ROO STATE 1-4 WRD 1H","Downtime - Top drive","TROUBLE SHOOT HYDRAULICS ON TOP DRIVE",2016-05-01 06:00:05,2016-05-01 08:59:55,3,""
548,"KNOB HILL WDV1","Downtime - Top drive","Downtime - Top Drive (REPLACE TD SCOPE)",2016-04-21 21:00:05,2016-04-21 23:58:55,2.9,""
225,"DELPHI HZ BIGSTONE 15-23-60-23","Downtime - Top drive","HOIST TO CASING SHOE- FLOW CHEC K @ 4771m",2016-02-24 16:15:05,2016-02-24 18:59:55,2.8,""
773,"D SCHAEFER OU 15-47(ALLOC-E)5NU","Downtime - Top drive","TROUBLESHOOT TOP DRIVE (HIGH TEMP SHUT OFF) DAMAGED PLUG ON LER HOUSE",2016-04-27 02:45:05,2016-04-27 05:29:55,2.8,"Yes"
110,"KOCH OS OPER. 102 KIDNEY 9-33-89-6","Downtime - Top drive","DOWNTIME - TOP DRIVE/TRIP OUT TO 534MFLOW CHECK TRIP CAL .48 ACT .52 DIFF.04M3",2016-03-02 13:15:05,2016-03-02 15:44:55,2.5,""
151,"TYCOON E 1004H","Downtime - Top drive","CONDUCT TORQUE TEST WITH PASON TORQUE SUB ON THE",2016-03-22 02:00:05,2016-03-22 04:29:55,2.5,"Yes"
153,"Progress HZ Graham a-B45-L/94-B-8","Downtime - Top drive","DOWNTIME - TOP DRIVE WAIT ON REPLACEMENT DRIVE MOTOR (MONITOR WELL) CIRC WITH 2 INCH",2016-01-02 19:00:05,2016-01-02 21:29:55,2.5,""
157,"SHB 78-08","Downtime - Top drive","Downtime - Top Drive: WAIT ON WELDER & WELD ON GOOSE NECK ON TOP-DRIVE",2016-04-14 18:30:05,2016-04-14 20:59:55,2.5,"Prior"
950,"RM 14-01-2","Downtime - Top drive","REMOVE WASH PIPE FOR ACCESS TO REMOVE PROXIMITY SWITCH DUE TO BEIN THREAD LOCKED",2016-03-14 15:30:05,2016-03-14 17:59:55,2.5,""
616,"CLUSTER 40B SURFACE HOLES","Downtime - Top drive","DOWNTIME - TOP DRIVE",2016-04-27 05:15:05,2016-04-27 07:59:55,2.2,""
151,"TYCOON E 1004H","Downtime - Top drive","CHANGE-OUT ENCODER ON THE TOPDRIVE AND RUN A CALIBRATION TEST ON THE TOPDRIVE",2016-03-22 19:30:05,2016-03-22 21:29:55,2,"Yes"
151,"TYCOON E 1053 H","Downtime - Top drive","T.I.H F/ 4850' - 7137', WASH DOWN LAST 40'",2016-03-03 18:15:05,2016-03-03 20:14:55,2,"Yes"
155,"MIDLAND AC/WYLIE B 1304 1304HB","Downtime - Top drive","ATTEMPT TO ID RUN ON ABB DRIVE IN VFD HOUSE NO SUCESS TO DO A TQ CALIBRATION ON TOP DRIVE DUE TO TESCO TORQUE TEST WAS OFF 10K UNDER",2016-03-25 16:00:05,2016-03-25 17:59:55,2,"Yes"
157,"SHB 78-08","Downtime - Top drive","Downtime - Top Drive, TROUBLESHOOT PIPEHANDLER, REPLACE SWITCH & VICOR VALVE",2016-04-12 15:30:05,2016-04-12 17:29:55,2,"Prior"
548,"KNOB HILL WDV1","Downtime - Top drive","POOH T/ SHOE @ 2149' (Downtime - Top Drive )",2016-04-21 19:00:05,2016-04-21 20:59:55,2,""
616,"CLUSTER 40B SURFACE HOLES","Downtime - Top drive","DOWNTIME - REPAIR TOP DRIVE BLOWER MOTOR",2016-04-28 00:15:05,2016-04-28 02:14:55,2,""
141,"CVE FCCL E26P03 FISHER 1-29-70-3","Downtime - Top drive","DOWNTIME - TOP DRIVE CHANGE OUT 600 VOLT CABLE",2016-04-17 19:00:05,2016-04-17 20:44:55,1.8,""
153,"Progress HZ Graham a-B45-L/94-B-8","Downtime - Top drive","DOWNTIME - TOP DRIVE (TROUBLESHOOT)",2016-01-02 06:00:05,2016-01-02 07:44:55,1.8,""
950,"RM 14-01-2","Downtime - Top drive","Downtime - ToP DRIVE, PUT PROXIMITY SENSOR ON TOP DRIVE & REASSEMBLE WASH  PIPE",2016-03-14 18:00:05,2016-03-14 19:44:55,1.8,""
151,"TYCOON E 1053 H","Downtime - Top drive","Downtime - Top Drive - T.I.H F/ 1775' - 4850'. FILL EVERY 30 STANDS.",2016-03-03 16:15:05,2016-03-03 17:58:55,1.7,"Yes"
141,"CVE FCCL E26P02 FISHER 1-29-70-3","Downtime - Top drive","DOWNTIME - TOP DRIVE ( FIX BAG ON SERVICE LOOP )",2016-04-16 22:15:05,2016-04-16 22:59:55,1.5,""
151,"TYCOON E 1006H","Downtime - Top drive","CONT. TROUBLESHOOT EXCESSIVE AND ERRATIC SPIN DURING CONNECTIONS",2016-04-19 06:00:05,2016-04-19 07:29:55,1.5,"Yes"
151,"TYCOON E 1004H","Downtime - Top drive","RIG-DOWN PASON TORQUE SUB AND INSTALL SAVOR SUB",2016-03-22 04:30:05,2016-03-22 05:58:55,1.5,"Yes"
225,"DELPHI HZ BIGSTONE 15-23-60-23","Downtime - Top drive","DOWNTIME - TOP DRIVE / CHANGE OUT WASHED GOOSENECK",2016-02-11 01:45:05,2016-02-11 03:14:55,1.5,""
548,"KNOB HILL WDV1","Downtime - Top drive","RIH W/DIR. TOOLS F/1385' T/4995'",2016-04-22 00:00:05,2016-04-22 01:29:55,1.5,""
773,"SUGG A 171-174 (ALLOC-H) 8NU","Downtime - Top drive","C/O SAVER SUB",2016-04-02 01:00:05,2016-04-02 02:29:55,1.5,"Yes"
968,"SGY 456","Downtime - Top drive","DOWNTIME- TOP DRIVE HYDRAULIC HOSE",2016-03-29 00:30:05,2016-03-29 01:59:55,1.5,""
135,"CHESNUT 21T-221","Downtime - Top drive","Downtime - Top Drive: REPLACE BREAK AWAY BOLT FOR TILT LEANK",2016-05-02 01:15:05,2016-05-02 03:14:55,1.2,"Yes"
144,"CHEVRON HZ 102 KAYBOBS 6-26-61-20","Downtime - Top drive","TOP DRIVE VFD",2016-04-06 21:30:05,2016-04-06 22:44:55,1.2,""
225,"DELPHI HZ BIGSTONE 15-23-60-23","Downtime - Top drive","HOIST TO CASING SHOE- FLOW CHECK @ 4040m , 2993m",2016-02-24 19:15:05,2016-02-24 20:29:55,1.2,""
970,"DURHAM DOWNS NORTH #5","Downtime - Top drive","TROUBLESHOOT TDS ROTARY ISSUE",2016-04-21 01:30:05,2016-04-21 02:44:55,1.2,""
971,"SPHALERITE #1","Downtime - Top drive","CONT RIG UP DP BAIL ARMS & ELEVATORS, F\in.T TDS ROBOTICS",2016-03-21 00:00:05,2016-03-21 01:14:55,1.2,""
121,"Spaur 10Q-241","Downtime - Top drive","Downtime - Top Drive CHANGE SWIVEL PACKING AGAIN, DOUBLE CHECK BONNET BOLTS",2016-03-10 15:45:05,2016-03-10 16:44:55,1,"Prior"
141,"CVE FCCL E26I05 FISHER 5-28-70-3","Downtime - Top drive","DOWNTIME - TROUBLE SHOOTING PLC COMMUNICATION",2016-05-03 08:00:05,2016-05-03 08:59:55,1,""
144,"CHEVRON HZ 102 KAYBOBS 6-26-61-20","Downtime - Top drive","DOWNTIME - TOP DRIVE - CHANGE OUT ACCUATOR AND UNLOADER VALVE / MONITOR WELL WITH TRIP TANK",2016-04-12 20:00:05,2016-04-12 20:59:55,1,""
144,"CHEVRON HZ KAYBOBS 13-26-61-20","Downtime - Top drive","PTSM: REVIEW JSA DR-40923 CHANGING WASHPIPE, 37029 HOISTING PESONEL WITH MANRIDER, WELL CONTROL WC-024 OFF BOTTOM KILLING AND LOST CIRCULATION, LESSON LEARNED: 052 BROKEN CHAIN. PULL BACK ONE STAND, BLOW OUT TOP DRIVE, CHANGE OUT WASHPIPE.",2016-04-30 19:00:05,2016-04-30 19:59:55,1,""
144,"CHEVRON HZ 102 KAYBOBS 6-26-61-20","Downtime - Top drive","REPLACE DOUBLE BALL VALVE AND ACTUATOR ON TOP DRIVE",2016-04-05 05:45:05,2016-04-05 06:44:55,1,""
144,"CHEVRON HZ 102 KAYBOBS 6-26-61-20","Downtime - Top drive","DOWNTIME - TOP DRIVE",2016-04-06 23:00:05,2016-04-06 23:59:55,1,""
155,"MIDLAND AC/WYLIE B 1303  1310HA","Downtime - Top drive","TROUBLESHOOTCHANGE HYDRAULIC HOSES ON TOP DRIVE IBOP OPERATING BACKWARDS",2016-03-18 07:30:05,2016-03-18 08:29:55,1,"Yes"
162,"GEE 848-22H","Downtime - Top drive","CHANGE SWIVEL PACKING",2016-03-10 18:00:05,2016-03-10 18:59:55,1,"Yes"
548,"KNOB HILL WDV1","Downtime - Top drive","CIRCULATE HOLE CLEAN(2XS BTM UP)",2016-04-22 01:30:05,2016-04-22 02:29:55,1,""
555,"BIR 4-8 HZ PCOUPES 5-7-77-12","Downtime - Top drive","DOWNTIME - TOP DRIVE- REPLACE COUPLER ON AUX PUMP",2016-03-10 21:30:05,2016-03-10 22:29:55,1,""
769,"HAYHERST SW3  6HD","Downtime - Top drive","REPAIR, TOP DRIVE,, TORQUE  SET & DELIVERED WAS FOLLOWING EACH OTHER",2016-02-22 03:30:05,2016-02-22 04:29:55,1,"Yes"
769,"HAYHERST SW3  6HD","Downtime - Top drive","REPLACE AND TEST ENCODER ON TOP DRIVE. ENCODER NOT WORKING, C/O CARD IN LER BAY FOR TD, TOP DRIVE OPERATING PROPERLY.",2016-02-22 10:00:05,2016-02-22 10:59:55,1,"Yes"
144,"CHEVRON HZ 102 KAYBOBS 6-26-61-20","Downtime - Top drive","DOWNTIME - TOP DRIVE, CHANGE OUT ACTUATOR",2016-04-10 15:30:05,2016-04-10 16:14:55,0.8,""
151,"TYCOON E 1053 H","Downtime - Top drive","REPLACE GUARDS & COVERS ON TOP DRIVE, CHECK EVERTYTHING F/ TOOLS",2016-03-03 06:15:05,2016-03-03 06:59:55,0.8,"Yes"
971,"SPHALERITE #1","Downtime - Top drive","PUMP 10BBL HI VIS SWEEP & CIRC HOLE CLEAN",2016-03-21 02:00:05,2016-03-21 02:44:55,0.8,""
110,"KOCH OS OPER. 102 KIDNEY 9-33-89-6","Downtime - Top drive","DOWNTIME - TOP DRIVE(CHANGE OUT HIGH PRESSURE 2in. VALVE ON TOP DRIVE SERVICE LOOP)",2016-03-03 10:15:05,2016-03-03 10:44:55,0.5,""
141,"CVE FCCL E26P05 FISHER 5-28-70-3","Downtime - Top drive","DOWNTIME - TOP DRIVE TROUBLE SHOOT POWER ISSUE",2016-04-05 13:45:05,2016-04-05 14:14:55,0.5,""
141,"CVE FCCL E26I05 FISHER 5-28-70-3","Downtime - Top drive","DOWNTIME - TOP DRIVE (REPLACE COMPENSATOR HOSE)",2016-05-03 03:30:05,2016-05-03 03:59:55,0.5,""
151,"TYCOON E 1053 H","Downtime - Top drive","START SPIN TEST ON TOP DRIVE    TOP DRIVE TRIPING OFF @ 150 RPM",2016-03-03 00:30:05,2016-03-03 00:59:55,0.5,"Yes"
155,"MIDLAND AC/WYLIE B 1304 1304HB","Downtime - Top drive","REPLACE GRABBER BOX DIE RETAINER PLATE'S",2016-03-21 18:00:05,2016-03-21 18:29:55,0.5,"Yes"
225,"DELPHI HZ BIGSTONE 15-23-60-23","Downtime - Top drive","SLIP AND CUT DRILL LINE",2016-02-25 00:00:05,2016-02-25 00:29:55,0.5,""
225,"DELPHI HZ BIGSTONE 15-23-60-23","Downtime - Top drive","SERVICE TOPDRIVE- CHANGE GRABBER DIES & STABBING GUIDE",2016-02-04 19:00:05,2016-02-04 19:29:55,0.5,""
225,"DELPHI HZ BIGSTONE 15-23-60-23","Downtime - Top drive","CIRCULATE BOTTOMS UP",2016-02-24 15:45:05,2016-02-24 16:14:55,0.5,""
548,"KNOB HILL WDV1","Downtime - Top drive","CONDITION MUD & CIRCULATE (2X'S B.U) (TD SCOPE BAD)",2016-04-21 18:30:05,2016-04-21 18:59:55,0.5,""
769,"Hayhurst SW3  8HD","Downtime - Top drive","BOLTS ON TD COUNTER BALANCE CYLINDER BROKE, REMOVE CYLINDER PLUG LINES.",2016-03-13 00:30:05,2016-03-13 00:59:55,0.5,"Yes"
771,"ROO STATE 1-4 WRD 1H","Downtime - Top drive","TROUBLE SHOOT HYDRLICS  PUMP NOT COMING ON",2016-05-01 05:30:05,2016-05-01 05:58:55,0.5,""
776,"SEIP NEELI 1-85 LOV 1H","Downtime - Top drive","CHANGE SWIVEL PACK",2016-02-18 05:30:05,2016-02-18 05:59:55,0.5,""
950,"RM 14-01-2","Downtime - Top drive","Downtime - Top Drive PRESSURE TEST SURFACE LINES",2016-03-14 19:45:05,2016-03-14 20:14:55,0.5,""
970,"JACK LAKE #5","Downtime - Top drive","TOP DRIVE BAIL SENSOR REWIRED, REPLACE BATTERY, CALIBRATED, FUNCTION TEST",2016-03-19 10:00:05,2016-03-19 10:29:55,0.5,""
971,"SPHALERITE #1","Downtime - Top drive","RIH F/722m - 827m, WASH LAST STAND TO BTM",2016-03-21 01:30:05,2016-03-21 01:59:55,0.5,""
135,"CHESNUT 21T-221","Downtime - Top drive","Downtime - Top Drive: REPLACE VALVE BODY ON BACK OF ELEVATORS",2016-05-01 22:45:05,2016-05-01 22:59:55,0.2,"Yes"
144,"CHEVRON HZ KAYBOBS 13-26-61-20","Downtime - Top drive","DOWNTIME - TOP DRIVE.  CHANGE GRABBER DIE BLOCK",2016-05-03 23:45:05,2016-05-03 23:59:55,0.2,""
971,"SPHALERITE #1","Downtime - Top drive","POOH F/ 827m - 722m",2016-03-21 02:45:05,2016-03-21 02:59:55,0.2,""
971,"SPHALERITE #1","Downtime - Top drive","PREFORM TORQUE TEST W/NOCR PRESENT",2016-03-21 01:15:05,2016-03-21 01:29:55,0.2,""
769,"Hayhurst SW3  8HD","Downtime - Scr/Electrical","ESTABLIISHED 3 GENS ONLINE, TROUBLE SHOOTING SURGE WHEN TRYING TO ASIGHN TOP DRIVE (PLUG FOUND TO BE BURNT FROM SERVICE LOOP TO TOP DRIVE MOTOR / TOP DRIVE MOTOR SHOWS TO MEG. GOOD ) RECONNECT WIRE TO",2016-03-08 06:00:05,2016-03-08 14:29:55,8.5,"Yes"
66,"CHEVRON WOODSIDE HZ LA JOLIE B-E003-K/094-0-12","Downtime - Scr/Electrical","DOWNTIME - SCR/ELECTRICAL,REPLACE 2 BRICKS IN SCR,GET SCR UP AND RUNNING,RUN BOTH PUMPS & DRAWORKS FOR AN HOUR TO PUT LOAD ON SCR",2016-04-02 13:00:05,2016-04-02 19:59:55,6.8,""
770,"SCL HZ FC1E KAYBOB 09-21-63-20W5","Downtime - Scr/Electrical","DOWNTIME - SCR/ELECTRICAL/ WAIT ON AND REPLACE INVERTER",2016-04-08 13:15:05,2016-04-08 17:59:55,4.8,""
121,"Jacobucci 32K-243","Downtime - Scr/Electrical","Downtime - Scr/Electrical DWKS BREAK FAILURE TO RELEASE FOUND A BAD RELAY ON THE",2016-04-18 10:00:05,2016-04-18 14:29:55,4.5,"Yes"
769,"Hayhurst SW3  8HD","Downtime - Scr/Electrical","ESTABLISHED PLC POWER, OPENED UP WELL PULL OFF BOTTOM AND ESTABLISH CIRCULATION WHILE STILL TROUBLE SHOOTING WHY #1 AND # 3 GEN WILL NOT POWER BACK ON LINE",2016-03-08 02:00:05,2016-03-08 05:59:55,4,"Yes"
135,"CHESTNUT 21Q-321","Downtime - Scr/Electrical","DRAWWORKS BRAKES FAILED TO RELEASE ( CLEARED FALUTS IN PLCS RESET PLCS )",2016-03-23 00:00:05,2016-03-23 02:59:55,3,"Yes"
141,"CVE FCCL E26I05 FISHER 5-28-70-3","Downtime - Scr/Electrical","DOWNTIME - TROUBLE SHOOTING  PLC / COMM LOSS,",2016-05-03 04:45:05,2016-05-03 06:44:55,2,""
769,"Hayhurst SW3  8HD","Downtime - Scr/Electrical","RIG BLACKED OUT SHUT IN WELL, TROUBLE  SHOOT ELECTRICAL TO GET BACK ON LINE",2016-03-08 00:00:05,2016-03-08 01:59:55,2,"Yes"
785,"CHEVRON 102 KAYBOBS 11-2-62-21","Downtime - Scr/Electrical","DOWNTIME - SCR/ELECTRICAL/  COMM. LOSS",2016-02-29 00:00:05,2016-02-29 01:44:55,1.8,""
760,"Conn 53-2-36 LOV Unit 2H","Downtime - Scr/Electrical","DRILLING ENGINE DROPPED OFF LINE, TROUBLESHOOT ENGINE JUMPING OFFLINE",2016-03-22 12:00:05,2016-03-22 13:59:55,1.7,""
616,"CLUSTER 40 DRILL OUTS","Downtime - Scr/Electrical","DOWNTIME - SCR/ELECTRICAL/ DERRICK LIGHT W/PAT SWEENEY FROM MOSAIC",2016-04-04 10:45:05,2016-04-04 11:59:55,1.2,""
148,"Progress HZ Graham c-H79-G/94-B-08","Downtime - Scr/Electrical","CHANGE OUT FIBRE OPTIC CABLE SUIT CASE",2015-07-12 15:12:05,2015-07-12 16:14:55,1.1,"Yes"
66,"CHEVRON WOODSIDE HZ LA JOLIE B-E003-K/094-0-12","Downtime - Scr/Electrical","WAIT ON SCR PARTS",2016-04-02 12:00:05,2016-04-02 12:59:55,1,""
119,"STUD HORSE BUTTE 91-14","Downtime - Scr/Electrical","Downtime - Scr/Electrical PLC PLUG ON RUFF NECK",2016-04-29 22:00:05,2016-04-29 22:59:55,1,"Yes"
141,"CVE FCCL E26I05 FISHER 5-28-70-3","Downtime - Scr/Electrical","DOWNTIME - TROUBLE SHOOT PLC/COMM LOSS",2016-05-03 07:00:05,2016-05-03 07:59:55,1,""
141,"CVE FCCL E26P06 FISHER 5-28-70-3","Downtime - Scr/Electrical","WORK ON DRAWWORKS BLOWER / ELECTRICAL BREAKER",2016-03-08 15:45:05,2016-03-08 16:44:55,1,""
148,"PROGRESS HZ GRAHAM c-F79-G/94-B-8","Downtime - Scr/Electrical","DOWNTIME - PLC,AUTO DIGGER",2015-07-23 23:00:05,2015-07-23 23:59:55,1,"Yes"
785,"CHEVRON 102 KAYBOBS 11-2-62-21","Downtime - Scr/Electrical","DOWNTIME - SCR/ELECTRICAL/ WORKING ON COMMUNICATION BECAUSE OF LOSS OF COM",2016-02-28 23:00:05,2016-02-28 23:59:55,1,""
152,"CONNIE 26F-402","Downtime - Scr/Electrical","Downtime - Scr/Electrical, MUD PUMP RESET AND RIG BLACK OUT RESTART",2016-04-09 18:00:05,2016-04-09 18:59:55,0.9,"Yes"
148,"PROGRESS HZ GRAHAM c-F79-G/94-B-8","Downtime - Scr/Electrical","DOWNTIME - PLC, AUTO DIGGER",2015-07-24 00:00:05,2015-07-24 00:44:55,0.8,"Yes"
616,"CLUSTER 40 WELL#40042 B","Downtime - Scr/Electrical","DOWNTIME - SCR/ELECTRICAL VIBERATION TEST ON DRAWWORKS",2016-03-29 10:15:05,2016-03-29 10:59:55,0.8,""
127,"TBE HZ KILLAM 4-16-43-10","Downtime - Scr/Electrical","DOWNTIME - RIG BLACKED OUT, BRING BACK ON LINE & TRBL SHOOT MP1 VFD)",2016-03-02 06:15:05,2016-03-02 07:14:55,0.6,""
774,"HALFMANN OU 47-15 (A) 1SU","Downtime - Mud system","REMOVED STAND PIPE MANIFOLD SECTION FROM SUBS AND TARGET TEE , WAIT ON NEW STAND PIPE SECTION AND TARGET TEE FROM HOUSTON",2016-03-18 09:45:05,2016-03-18 17:59:55,8.2,"Yes"
153,"Progress HZ Graham a-A45-L/94-B-8","Downtime - Mud system","DOWNTIME - MUD SYSTEM REPLACE STAND PIPE BOLTS CIRC  @1.5M3 WORK PIPE SAFETY MEETING PRIOR TO REPAIRING STAND PIPE CLAMPS",2016-01-15 19:00:05,2016-01-15 23:59:55,5,""
773,"FRYSAK  A 47-15 (E) 5SU","Downtime - Mud system","C/O STANDPIPE HOSE IN DERRICK",2016-03-15 06:00:05,2016-03-15 10:59:55,5,"Yes"
774,"HALFMANN OU 47-15 (A) 1SU","Downtime - Mud system","PUT  NEW STAND PIPE SECTION & TARGET T BACK IN  POSITION  TEST LINE 2000 PSI",2016-03-18 20:00:05,2016-03-18 22:59:55,3,"Yes"
774,"HALFMANN OU 47-15 (A) 1SU","Downtime - Mud system","WAIT ON NEW STAND PIPE SECTION AND TARGET T TO ARRIVE ON LOCATION",2016-03-18 18:00:05,2016-03-18 19:59:55,2,"Yes"
141,"CVE FCCL E26P09 FISHER 12-28-70-3","Downtime - Mud system","DOWNTIME - REPAIR STAND PIPE",2016-03-16 22:15:05,2016-03-16 23:59:55,1.8,""
153,"Progress HZ Graham a-A45-L/94-B-8","Downtime - Mud system","DOWNTIME - MUD SYSTEM REPAIR STAND PIPE CLAMPS",2016-01-16 00:00:05,2016-01-16 01:29:55,1.5,""
152,"SPAUR 10T-301","Downtime - Mud system","Downtime - Mud System, REPLACE ISOLATION VALVE BETWEEN CHARGE PUMPS",2016-03-14 15:30:05,2016-03-14 16:44:55,1.2,"Prior"
770,"SCL HZ FC1G KAYBOB 4-16-63-20","Downtime - Mud system","DOWNTIME - MUD SYSTEM/ CHANGE OUT SEAL IN STANDPIPE",2016-03-01 21:00:05,2016-03-01 22:14:55,1.2,""
121,"Spaur 10L-421","Downtime - Mud system","Downtime - Mud System(CHANGE OUT SWIVEL PACKING ASSEMBLY)",2016-03-23 22:00:05,2016-03-23 22:59:55,1,"Yes"
121,"Spaur 10L-421","Downtime - Mud system","Downtime - Mud System SEEN MUD START TO COME OUT OF FLARE STACK SHUT DOWN",2016-03-28 15:30:05,2016-03-28 16:29:55,1,"Yes"
774,"HALFMANN OU 47-15 (A) 1SU","Downtime - Mud system","TRIP OUT TO SHOE F/7359 T/6927",2016-03-18 08:45:05,2016-03-18 09:44:55,1,"Yes"
127,"TBE HZ KILLAM 4-16-43-10","Downtime - Mud system","DOWNTIME - ICE PLUG IN KICKER HOSE",2016-02-29 01:15:05,2016-02-29 01:59:55,0.8,""
144,"CHEVRON HZ 102 KAYBOBS 6-26-61-20","Downtime - Mud system","REBUILD 4in. VALVES IN PUMPHOUSE",2016-04-05 02:15:05,2016-04-05 02:59:55,0.8,""
152,"SPAUR 10Q-401","Downtime - Mud system","Downtime - Mud System-REPLACE VIBRATING HOSE FROM MUD TANK TO WATER TANK",2016-04-02 13:30:05,2016-04-02 13:59:55,0.5,"Yes"
161,"LOLOFF FARMS 26H-202","Downtime - Mud system","Downtime - Mud System CHANGE OUT VIBERATING HOSE BETWEEN WATER TANK AND SUB",2016-04-08 11:00:05,2016-04-08 11:29:55,0.5,"Yes"
774,"HALFMANN OU 47-15 (A) 1SU","Downtime - Mud system","TIH F/ 6927 T/ 7359",2016-03-18 23:00:05,2016-03-18 23:29:55,0.5,"Yes"
968,"SGY 445","Downtime - Mud system","Downtime - Mud System DRYING SHAKER",2016-03-22 03:30:05,2016-03-22 03:59:55,0.5,""
121,"JACOBUCCI 32K-443","Downtime - Mud system","Downtime - Mud System: CHANGE OUT WASHED 2in. ON STANDPIPE",2016-04-07 19:30:05,2016-04-07 19:44:55,0.2,"Yes"
121,"Spaur 10L-201","Downtime - Mud system","Downtime - Mud System: REPLACE #2 PUMP 8in. SUCTION AIR BOOT",2016-03-20 00:30:05,2016-03-20 00:44:55,0.2,"Yes"
121,"SPAUR 10L-301","Downtime - Mud system","Downtime - Mud System: REPLACE DAMAGED O-RING ON SURFACE MUDLINE",2016-03-01 09:45:05,2016-03-01 09:59:55,0.2,"Prior"
156,"VENESSA 5232B UNIT #5232BH","Downtime - Mud pump","CIRCULATE ON #2 MP & WORK PIPE @ 25 RPM'S  WHILE C/O CRACKED MODULE ON MP #1",2016-04-06 07:45:05,2016-04-06 14:44:55,7,"Yes"
162,"GEE 848-22H","Downtime - Mud pump","Downtime - Mud Pump /  REPLACE  WASH PLATE AND TWO STUDS",2016-04-12 07:30:05,2016-04-12 11:59:55,4.5,"Yes"
760,"Galapagos  53-2-37 1H","Downtime - Mud pump","PUMP SLUG & POOH F/15707 T/10748 (FORCE FILL DOWN BACKSIDE FIRST 31 STANDS W/17.5 PPG KILL MUD, OPEN UP & FILL CONVENTIONAL W/TRIP TANK PUMPS. (CHANGE OUT #1 MUD PUMP TRACTION MOTOR).",2016-03-07 02:30:05,2016-03-07 05:59:55,3.5,""
950,"RM 08-18-3","Downtime - Mud pump","200 PSI SPP LOSS OBSERVED, INSPECT MP1",2016-04-07 13:45:05,2016-04-07 17:14:55,3.5,""
151,"TYCOON E 1006H","Downtime - Mud pump","TROUBLE SHOOT #1 MUD PUMP",2016-04-27 04:30:05,2016-04-27 07:29:55,3,"Yes"
152,"SPAUR 10T-421","Downtime - Mud pump","Downtime - Mud Pump-REPLACE LINER & WASH PLATE,RE-TORQUE LINER RETAINER",2016-02-28 02:00:05,2016-02-28 04:59:55,3,"Prior"
549,"7Z 16-2","Downtime - Mud pump","Downtime - Mud Pump (MODULE WASHED, REPAIR PUMP & L/D DIR TOOLS)",2016-03-30 08:00:05,2016-03-30 10:59:55,3,""
950,"RM 08-18-2","Downtime - Mud pump","Downtime - Mud Pump { BLOWEN LINER SEAL}",2016-04-02 11:15:05,2016-04-02 14:14:55,2.9,""
970,"DURHAM DOWNS #9","Downtime - Mud pump","TROUBLESHOOT PROBLEM WITH MP#1 (REPLACE WEAR PLATE&LINER)",2016-04-12 06:00:05,2016-04-12 08:29:55,2.5,""
950,"RM 12-13-3","Downtime - Mud pump","Downtime - Mud Pump CHANGE 3 X SWABS MP#1",2016-05-02 06:15:05,2016-05-02 08:29:55,2.2,""
156,"VENESSA 5232B UNIT #5232BH","Downtime - Mud pump","CIRCULATE ON #2 MP WHILE REMOVING DISCHARGE MANIFOLD ON MP #1 TO REPAIR LEAK",2016-04-06 15:30:05,2016-04-06 17:29:55,2,"Yes"
162,"GEE 848-22H","Downtime - Mud pump","PUMP #1 BULL WHELL SIDE SWAB",2016-04-12 22:30:05,2016-04-13 00:29:55,2,"Yes"
970,"DURHAM DOWNS #9","Downtime - Mud pump","TROUBLESHOOT PROBLEM WITH MP#2",2016-04-12 09:45:05,2016-04-12 10:59:55,1.2,""
971,"TIRRAWARRA # 93","Downtime - Mud pump","REPLACED 2X VALVE SEATS AND 1X VALVE ON MP2 MOD 2",2016-05-01 01:45:05,2016-05-01 02:59:55,1.2,""
157,"SHB 78-08","Downtime - Mud pump","Downtime (PER JONAH) - Mud Pump, REPLACE MP#1 PULSATION DAMPENER BLADDER",2016-04-15 12:30:05,2016-04-15 13:29:55,1,"Prior"
162,"GEE 848-22H","Downtime - Mud pump","CHANGE OUT MIDDLE SWAB ON #2 PUMP",2016-03-10 19:00:05,2016-03-10 19:59:55,1,"Yes"
549,"7Z 16-2","Downtime - Mud pump","Downtime - Mud Pump(M/U UP REAMING ASSEMBLY)",2016-03-30 11:00:05,2016-03-30 11:59:55,1,""
549,"1Y 1005B","Downtime - Mud pump","Downtime - Mud Pump CHANGE HEAD (P/U T/SHOE @ 398')",2016-03-12 14:00:05,2016-03-12 14:59:55,1,""
950,"RM 14-01-2","Downtime - Mud pump","Downtime - Mud Pump/LINER SEAL",2016-03-15 05:00:05,2016-03-15 05:59:55,1,""
970,"DURHAM DOWNS #9","Downtime - Mud pump","REPAIR MP#1 - LEAK BETWEEN LINER SEAL & WEARPLATE",2016-04-11 13:30:05,2016-04-11 14:29:55,1,""
971,"TIRRAWARRA # 93","Downtime - Mud pump","REPLACED 2X VALVE SEATS AND 1X VALVE ON MP1 MOD 1",2016-05-01 05:30:05,2016-05-01 06:29:55,1,""
616,"CLUSTER 40B SURFACE HOLES","Downtime - Mud pump","DOWNTIME - MUD PUMP CHANGE A HEAD OUT",2016-04-19 07:15:05,2016-04-19 07:59:55,0.8,""
950,"RM 12-13-1","Downtime - Mud pump","Downtime - Mud Pump ,CHANGE OUT SWAB,LINER ,M/P # 2 MOD # 3",2016-04-23 18:15:05,2016-04-23 18:59:55,0.8,""
119,"STUD HORSE BUTTE 91-14","Downtime - Mud pump","Downtime - Mud Pump, TEST #1 & #2 MUD PUMPS @90 SPM",2016-04-23 17:00:05,2016-04-23 17:29:55,0.5,"Yes"
121,"Jacobucci 32K-243","Downtime - Mud pump","Downtime - Mud Pump(COMMUNICATION LOSS TO #1 MUDPUMP DRIVE)",2016-04-13 02:15:05,2016-04-13 02:44:55,0.5,"Yes"
121,"JACOBUCCI 32K-443","Downtime - Mud pump","Downtime - Mud Pump: CHANGE OUT WASHED POPOFF ASSEMBLY #1 PUMP",2016-04-07 21:00:05,2016-04-07 21:29:55,0.5,"Yes"
152,"CONNIE 26F-302","Downtime - Mud pump","CHAGE OUT SWAB/LINER/AND FIX LINER WASHER IN MP#2",2016-04-28 16:00:05,2016-04-28 16:29:55,0.5,"Yes"
162,"GEE 848-22H","Downtime - Mud pump","Downtime - Mud Pump REPLACE CAP GASKET ON #1 OFF BULL WHEEL SIDE SUCTION CAP",2016-04-14 04:00:05,2016-04-14 04:29:55,0.5,"Yes"
549,"7Z 16-2","Downtime - Mud pump","Downtime - Mud Pump (POOH T/DIR. TOOLS)",2016-03-30 07:30:05,2016-03-30 07:58:55,0.5,""
549,"7Z 16-2","Downtime - Mud pump","Downtime - Mud Pump (RIH W/REAMER T/756')",2016-03-30 12:00:05,2016-03-30 12:29:55,0.5,""
616,"CLUSTER 40B SURFACE HOLES","Downtime - Mud pump","DOWNTIME - MUD PUMP / LOST PUMP PRESSURE",2016-04-22 04:45:05,2016-04-22 05:14:55,0.5,""
950,"RM 14-01-2","Downtime - Mud pump","Downtime - Mud Pump BLOWEN RADIATIOR HOSE",2016-03-15 16:30:05,2016-03-15 16:59:55,0.5,""
121,"JACOBUCCI 32K-443","Downtime - Mast & Crown","Downtime - Mast & Crown / TROUBLE SHOOT WHY BOARD WONT COME DOWN. BYPASS VALUE",2016-04-01 06:00:05,2016-04-01 10:59:55,5,"Yes"
771,"MONROE 1-4 WRD 2H","Downtime - Mast & Crown","BOLT SHEARED OFF ON DERRICK CYLINDER BRACKET",2016-02-18 17:30:05,2016-02-18 20:59:55,3.5,""
950,"RM 08-18-1","Downtime - Mast & Crown","LEVEL RIG TO RUN 9 5/8 CASING",2016-03-26 00:00:05,2016-03-26 00:59:55,1,""
161,"LOLOFF FARMS 26G-232","Downtime - Mast & Crown","Downtime - Mast & Crown/WELD BROKEN LADDER ON DERRICK",2016-03-16 11:15:05,2016-03-16 11:44:55,0.5,"Yes"
121,"JACOBUCCI 32K-443","Downtime - Iron Roughneck","Downtime - Iron Roughneck CHANGE GRIP CYLINDER BOTTOM ODS, CHANGE GRABBER BOX",2016-04-02 16:30:05,2016-04-02 17:44:55,1.2,"Yes"
950,"RM 12-13-1","Downtime - Iron Roughneck","FILL OUT W.S.P.T.W,REPAIR TOP OFF DRILLERS SIDE RAM ON IRON ROUGHNECK.",2016-04-23 09:30:05,2016-04-23 10:29:55,1,""
141,"CVE FCCL E26P08 FISHER 5-28-70-3","Downtime - Iron Roughneck","DOWNTIME - IRON ROUGHNECK REPAIR HYDRAULIC HOSE",2016-03-26 02:30:05,2016-03-26 02:59:55,0.5,""
152,"CONNIE 26F-402","Downtime - Iron Roughneck","Downtime - Iron Roughneck, HYDRA SLIPS AND MANUALS-CHANGE OUT DIES",2016-04-11 21:00:05,2016-04-11 21:29:55,0.5,"Yes"
225,"DELPHI HZ BIGSTONE 15-23-60-23","Downtime - Iron Derrickman","ACCUMULATED DIR.  SURVEY AND CONNECTION TIME",2016-02-25 22:00:05,2016-02-25 23:59:55,2,""
676,"MOSAIC ESTERHAZY K2 GROUT 92-8 12-9-19-32","Downtime - Instrumentation","TROUBLE SHOOT ELECTRICAL SHORT ON MUD TANKS (LOCK OUTS AND BANNER GAURDING USED AND IN PLACE",2016-03-30 21:00:05,2016-03-30 22:14:55,1.2,""
676,"MOSAIC ESTERHAZY K2 GROUT 92-8 12-9-19-32","Downtime - Instrumentation","TROUBLE SHOOT ELECTRICAL SHORT ON MUD TANKS (LOCK OUTS AND BANNER GAURDING USED AND IN PLACE",2016-03-30 21:00:05,2016-03-30 22:14:55,1.2,""
127,"TBE HZ KILLAM 4-16-43-10","Downtime - Instrumentation","TROUBLE SHOOT PMP 1 DRIVE ISSUE",2016-02-27 11:15:05,2016-02-27 12:14:55,1,""
141,"CVE FCCL E26P04 FISHER 1-29-70-3","Downtime - Instrumentation","DOWNTIME - TROUBLE SHOOT DRAWWORKS",2016-04-02 11:00:05,2016-04-02 11:59:55,1,""
144,"CHEVRON HZ 102 KAYBOBS 6-26-61-20","Downtime - Instrumentation","CHANGE DRAW WORKS JOYSTICK",2016-04-09 09:15:05,2016-04-09 10:14:55,1,""
970,"DURHAM DOWNS #9","Downtime - Instrumentation","DOWN DUE TO PASON WIRELESS MALFUCTION",2016-04-03 14:30:05,2016-04-03 15:29:55,1,""
142,"Progress Hz Town d-B75-J/94-B-16","Downtime - Instrumentation","TROUBLESHOOT ZONE MANAGEMENT SYSTEM",2016-03-01 13:30:05,2016-03-01 14:14:55,0.8,""
676,"MOSAIC ESTERHAZY K2 GROUT 92-8 12-9-19-32","Downtime - Instrumentation","TRIP IN HOLE",2016-03-30 22:45:05,2016-03-30 23:29:55,0.8,""
676,"MOSAIC ESTERHAZY K2 GROUT 92-8 12-9-19-32","Downtime - Instrumentation","TRIP IN HOLE",2016-03-30 22:45:05,2016-03-30 23:29:55,0.8,""
676,"MOSAIC ESTERHAZY K2 GROUT 92-8 12-9-19-32","Downtime - Instrumentation","TRIP OUT OF HOLE TO CASING SHOE",2016-03-30 22:15:05,2016-03-30 22:44:55,0.5,""
676,"MOSAIC ESTERHAZY K2 GROUT 92-8 12-9-19-32","Downtime - Instrumentation","TRIP OUT OF HOLE TO CASING SHOE",2016-03-30 22:15:05,2016-03-30 22:44:55,0.5,""
549,"9-10E","Downtime - Hydraulic System","DOWNTIME - HYDRAULIC (REPLACE HYDRAULIC HOIST HOSE)",2016-04-18 08:30:05,2016-04-18 12:29:55,4,""
548,"117H","Downtime - Hydraulic System","Downtime - Hydraulic System (REPLACE BEARING SEAL ON GEAR BOX)",2016-03-29 21:30:05,2016-03-29 23:58:55,2.5,""
548,"KNOB HILL WDV1","Downtime - Hydraulic System","Downtime - Hydraulic System( C/O HOSE ON SUB & PIPEARM)",2016-04-25 03:00:05,2016-04-25 04:29:55,1.5,""
966,"SPRING GULLY 465","Downtime - Hydraulic System","TROUBLE SHOOT ISSUES W/HPU",2016-04-06 16:00:05,2016-04-06 17:29:55,1.5,""
970,"DURHAM DOWNS #9","Downtime - Hydraulic System","REPAIR DAMAGED SUB-BASE HYDRAULIC LINE",2016-04-17 12:45:05,2016-04-17 14:14:55,1.5,""
760,"CONN 53-2-36 LOV UNIT 4H","Downtime - Hydraulic System","HOSE FOR TOPDRIVE HPU UNIT BUSTED IN SUBS WHEN MAKING CONNECTION.",2016-03-27 17:00:05,2016-03-27 17:58:55,1,""
950,"RM 12-13-1","Downtime - Hydraulic System","Downtime - Hydraulic System- REPLACE 2 WORN HOSES IN SUBBASE",2016-04-22 16:45:05,2016-04-22 17:29:55,0.8,""
950,"RM 14-01-2","Downtime - Hydraulic System","Downtime - Hydraulic System-CHANGE OUT BLOWN HYDRAULIC HOSE ON CATWALK",2016-03-15 09:30:05,2016-03-15 09:59:55,0.5,""
110,"KOCH OS OPER. 102 KIDNEY 9-33-89-6","Downtime - Hoisting/lifting","DOWNTIME(WAIT ON NEW BOP SLINGS)",2016-03-01 09:30:05,2016-03-01 11:29:55,2,""
127,"TBE HZ KILLAM 4-16-43-10","Downtime - Hoisting/lifting","DOWNTIME - HOISTING/LIFTING ( WORK ON CELLAR WINCHES)",2016-02-28 12:00:05,2016-02-28 13:59:55,2,""
152,"Connie 26F-212","Downtime - Hoisting/lifting","troubleshoot & repair rig - dw hoisting control (joystick) malfunction",2016-05-01 01:00:05,2016-05-01 02:59:55,2,"Yes"
127,"TBE HZ KILLAM 4-16-43-10","Downtime - Hoisting/lifting","DOWNTIME - REPLACE HYDRAULIC CATWALK KICKER RAM",2016-02-27 20:15:05,2016-02-27 20:59:55,0.8,""
950,"RM 12-13-3","Downtime - Hoisting/lifting","Downtime - Hoisting/lifting",2016-05-02 19:00:05,2016-05-02 19:29:55,0.5,""
968,"SGY 456","Downtime - Generator","DOWNTIME-MINI CAMP GENERATOR",2016-04-02 00:01:25,2016-04-02 00:59:55,0.8,""
950,"RM 12-13-2","Downtime - Generator","Downtime - Generator",2016-04-27 13:00:05,2016-04-27 13:14:55,0.2,""
970,"DURHAM DOWNS #9","Downtime - Generator","TROUBLESHOOT GEN #3 FAULT",2016-04-11 01:00:05,2016-04-11 01:14:55,0.2,""
162,"GEE 848-22H","Downtime - Engines","CHANGING OUT #1 GENERATOR, MONITOR RETURNS ON TRIP TANK",2016-04-03 19:30:05,2016-04-04 05:58:55,10.5,"Yes"
162,"GEE 848-22H","Downtime - Engines","TRIP IN F/2700-10480' FILL EVERY 3000' MONITOR RETURNS @ TRIP TANK",2016-04-04 08:30:05,2016-04-04 12:29:55,4,"Yes"
162,"GEE 848-22H","Downtime - Engines","TRIP OUT F/10580'-2372' PULL INSIDE CASING SHOE",2016-04-03 11:30:05,2016-04-03 15:03:35,3.4,"Yes"
162,"GEE 848-22H","Downtime - Engines","HSM, CHANGE OUT #1 GENERATOR",2016-04-03 15:33:45,2016-04-03 17:58:55,2.2,"Yes"
135,"CHESTNUT 21T-201","Downtime - Engines","GEN #2 WENT DOWN DUE TO = POWER SIGNAL OVERLOAD 1186kw",2016-04-22 14:15:05,2016-04-22 15:59:55,1.6,"Yes"
152,"SPAUR 10Q-401","Downtime - Engines","Downtime - Engines-#2 GENERATOR TRIPPED OFF LINE 8 TIMES OVER THE TOUR",2016-04-04 16:45:05,2016-04-04 17:44:55,1,"Yes"
162,"GEE 848-22H","Downtime - Engines","CIRCULATE UNTILE SHAKERS CAN HANDLE  PROPER GPM. GET SHALLOW TEST",2016-04-04 07:30:05,2016-04-04 08:29:55,1,"Yes"
162,"GEE 848-22H","Downtime - Engines","FINISH INSTALLING #1 GENERATOR,",2016-04-04 06:00:05,2016-04-04 06:59:55,1,"Yes"
162,"GEE 848-22H","Downtime - Engines","HSM, CHANGING OUT #1 GENERATOR",2016-04-03 18:00:05,2016-04-03 18:59:55,0.9,"Yes"
121,"SPAUR 10L-301","Downtime - Engines","Downtime - LNG SKID-(OUTGOING HEATER PRESSURE TEMP TOO LOW )",2016-03-04 21:30:05,2016-03-04 22:14:55,0.5,"Prior"
135,"SATER 19M-243","Downtime - Engines","Downtime - Engines- CHANGE FUEL LINE ON #3 GEN",2016-03-19 06:45:05,2016-03-19 07:14:55,0.5,"Yes"
162,"GEE 848-22H","Downtime - Engines","TRIP IN T/2700 MONITOR RETURNS @ TRIP TANK",2016-04-04 07:00:05,2016-04-04 07:29:55,0.5,"Yes"
162,"GEE 848-22H","Downtime - Engines","Downtime - Engines TROUBLE SHOOT LOW OIL SHUT DOWN",2016-04-06 14:00:05,2016-04-06 14:29:55,0.5,"Yes"
162,"GEE 848-22H","Downtime - Engines","WASH DOWN LAST 2 STANDS, 20 RPM, 400 GPM.",2016-04-04 12:30:05,2016-04-04 12:59:55,0.5,"Yes"
162,"GEE 848-22H","Downtime - Engines","CIRCULATE, BUILT PILL, FILL TRIP TANKS, PRE TRIP INSPECTION DUE TO #1 GEN GOING",2016-04-03 10:51:15,2016-04-03 11:29:55,0.3,"Yes"
162,"GEE 848-22H","Downtime - Engines","SWAP GENS OUT IN BACK YARD AND CO-MANS HOUSE, TROUBLE SHOOT PASON",2016-04-03 09:30:05,2016-04-03 09:49:25,0.3,"Yes"
151,"TYCOON E 1006H","Downtime - Engines","RIG WENT IN DARK,DAYTANK RAN DRY,HAD TO FILL DAYTANK MANUALLY AND PRIME ENGINES",2016-04-25 15:23:25,2016-04-25 15:29:55,0.1,"Yes"
141,"CVE FCCL E26P09 FISHER 12-28-70-3","Downtime - Drill String","RUN IN TO TOP OF FISH (306.35m), ROTATE IN FOR POSITIVE LATCH ON FISH, POOH, LAY OUT & REPLACE SINGLE ON TOP OF FISH & FISHING PIPE",2016-03-17 17:00:05,2016-03-17 19:59:55,3,""
141,"CVE FCCL E26P09 FISHER 12-28-70-3","Downtime - Drill String","PUMP TO SEE IF TOOLS STILL ON PIPE, GOT RETURNS W/ NO PRESSURE, POOH TO SEE WHAT IS STILL PART OF THE STRING (PIPE BACKED OUT @ 41 SINGLES 5in.DP F/ TOOLS), LAYED OUT LAST 2 SINGLES OUT OF HOLE & PICKED UP 2 NEW ONES",2016-03-17 15:00:05,2016-03-17 16:59:55,2,""
141,"CVE FCCL E26P09 FISHER 12-28-70-3","Downtime - Drill String","TRIP IN THE HOLE TO 751m, CHECKING EACH CONNECTION FOR PROPER TORQUE(21000FT/LBS)",2016-03-18 01:15:05,2016-03-18 03:14:55,2,""
141,"CVE FCCL E26P09 FISHER 12-28-70-3","Downtime - Drill String","HANDLING DIRECTIONAL TOOLS: RACK BACK MONELS, LAY OUT STAB, FLOAT SUB & ANTENNA SUB, LAY OUT INDEX SUB & SLICK MONEL, LAY OUT HCIM, DRAIN MOTOR & BREAK BIT, LAY OUT MOTOR",2016-03-17 20:15:05,2016-03-17 21:14:55,1,""
141,"CVE FCCL E26P09 FISHER 12-28-70-3","Downtime - Drill String","CONTINUE TO MAKE UP TOOLS PICKING UP STABILIZER,HCIM,SLICK NMDC,INDEX SUB,ANTENNA SUB AND FLOAT SUB CHECKING EACH CONNECTION FOR PROPER TORQUE WHILE RUNNING IN THE HOLE",2016-03-18 00:00:05,2016-03-18 00:59:55,1,""
141,"CVE FCCL E26P09 FISHER 12-28-70-3","Downtime - Drill String","PICK UP GABY MOTOR MAKE UP BIT",2016-03-17 23:15:05,2016-03-17 23:59:55,0.8,""
151,"TYCOON E 1004H","Downtime - Drawworks","CONTINUE TROUBLE SHOOTING DB MODULE AND RESISTORS IN THE RESISTOR BANK, REMOVE",2016-03-20 18:00:05,2016-03-21 05:58:55,12,"Yes"
151,"TYCOON E 1004H","Downtime - Drawworks","TROUBLE SHOOT DB MODULE AND RESISTORS IN THE RESISTOR BANK",2016-03-20 08:00:05,2016-03-20 17:58:55,10,"Yes"
151,"TYCOON E 1004H","Downtime - Drawworks","TROUBLE SHOOT DRAW WORKS DB BAY AND FOUND THAT THE CONTACTORS IN THE DB BAY OVER",2016-03-19 21:00:05,2016-03-20 05:58:55,9,"Yes"
148,"Progress HZ Graham c-H79-G/94-B-08","Downtime - Drawworks","DRAWWORKS HYDRAUC PUMP",2015-07-15 12:00:05,2015-07-15 19:29:55,7.5,"Yes"
148,"Progress HZ Graham c-H79-G/94-B-08","Downtime - Drawworks","CON.DRAWWORKS HYDRAULIC PUMP",2015-07-15 19:45:05,2015-07-16 02:44:55,7,"Yes"
125,"COP WT 2624 22H","Downtime - Drawworks","Downtime - Drawworks,TROUBLESHOOT PLC/ENCODER PROBLEMS,CIRCULATE THROUGH",2016-03-09 22:00:05,2016-03-10 02:59:55,4.7,""
148,"Progress HZ Graham c-H79-G/94-B-08","Downtime - Drawworks","DRAWWORKS HYDRAULIC PUMP FAULT",2015-07-15 08:15:05,2015-07-15 11:59:55,3.8,"Yes"
153,"Progress HZ Graham a-A45-L/94-B-8","Downtime - Drawworks","DOWNTIME - DRAWWORKS TROUBLE SHOOT AFTER BLACK OUT",2016-01-13 18:07:05,2016-01-13 21:59:55,3.7,""
676,"MOSAIC ESTERHAZY K2 GROUT 92-9 12-9-19-32","Downtime - Drawworks","REPAIR HOISTING CLUTCH ON DRAWWORKS(LOCK OUTS USED)",2016-04-11 12:00:05,2016-04-11 14:59:55,3,""
676,"MOSAIC ESTERHAZY K2 GROUT 92-9 12-9-19-32","Downtime - Drawworks","REPAIR HOISTING CLUTCH ON DRAWWORKS",2016-04-11 09:00:05,2016-04-11 11:59:55,2.7,""
142,"Progress Hz Town d-B75-J/94-B-16","Downtime - Drawworks","DOWNTIME - DRAWWORKS",2016-02-26 16:45:05,2016-02-26 19:14:55,2.2,""
141,"CVE FCCL E26P08 FISHER 5-28-70-3","Downtime - Drawworks","TROUBLE SHOOT DRAWWORK ( REPAIR DAMAGED POWER CORD )",2016-03-11 13:45:05,2016-03-11 15:44:55,2,""
125,"COP WT 2624 22H","Downtime - Drawworks","Downtime - Drawworks WORK ON COMMS",2016-03-03 21:05:45,2016-03-03 22:59:55,1.9,""
152,"SPAUR 10T-201","Downtime - Drawworks","Downtime - Drawworks/TROUBLE SHOOT DRAWWORKS/CAN COME DOWN BUT CAN'T HOIST",2016-03-11 03:15:05,2016-03-11 04:59:55,1.8,"Prior"
144,"CHEVRON HZ 102 KAYBOBS 6-26-61-20","Downtime - Drawworks","DOWNTIME - TROUBLE SHOOT DRAWWORKS",2016-04-08 05:15:05,2016-04-08 06:44:55,1.3,""
161,"LOLOFF FARMS 26G-432","Downtime - Drawworks","Downtime - DrawworksTROUBLESHOOT DRAWWORKS, COMMUNICATION TO DRAWWORKS",2016-03-03 00:08:15,2016-03-03 01:29:55,1.1,"Yes"
555,"BIR 4-8 HZ PCOUPES 5-7-77-12","Downtime - Drawworks","DOWNTIME - DRAWWORKS- TROUBLE SHOOT EATON BRAKE/CROWN SAVER- REMOVE/CLEAN /REPLACE SHUTTLE VALVES FOR EATON BRAKE",2016-03-17 11:45:05,2016-03-17 12:29:55,0.8,""
141,"CVE FCCL E26P04 FISHER 1-29-70-3","Downtime - Drawworks","DOWNTIME - DRAWWORKS FAIL TO HOIST, TROUBLE SHOOT AND CORRECT ISSUE",2016-04-03 11:30:05,2016-04-03 11:59:55,0.5,""
161,"LOLOFF FARMS 26H-312","Downtime - Drawworks","Downtime - Drawworks/RESTORE COMMUNICATION TO DRAWWORKS",2016-03-21 10:00:05,2016-03-21 10:29:55,0.5,"Yes"
161,"LOLOFF FARMS 26G-432","Downtime - Drawworks","Downtime -TROUBLESHOOT DWKS LOWERING SLOW, (RESET PLC,RECALIBRETE BLOCK HIGHT)",2016-03-06 11:00:05,2016-03-06 11:29:55,0.5,"Yes"
162,"GEE 848-23H","Downtime - Drawworks","TROUBLE SHOOT DRAWWORKS DRIVE/VFD",2016-04-30 14:00:05,2016-04-30 14:29:55,0.5,"Yes"
970,"DURHAM DOWNS #9","Downtime - Drawworks","DRAWWORKS HI-TEMP FAULTS",2016-04-03 21:30:05,2016-04-03 21:59:55,0.5,""
133,"ECA CRP HZ TOWER B5-1-81-18","Downtime - Directional Equipment","TROUBLE SHOOT MWD TOOL",2016-04-10 23:30:05,2016-04-11 00:29:55,1,""
162,"GEE 848-22H","Downtime - Directional Equipment","AIR COMPRESSOR",2016-04-02 05:00:05,2016-04-02 05:58:55,1,"Yes"
153,"Progress HZ Graham a-B45-L/94-B-8","Downtime - Catwalk","DOWNTIME - CATWALK (ORGANIZE & GENERAL REPAIRS AROUND RIG, INSTALL DRILL SPOOL ON NEXT CASING BOWL)",2016-01-01 00:00:05,2016-01-01 07:44:55,7.8,""
153,"Progress HZ Graham a-B45-L/94-B-8","Downtime - Catwalk","DOWNTIME - CATWALK",2015-12-31 19:00:05,2015-12-31 23:59:55,5,""
153,"Progress HZ Graham a-B45-L/94-B-8","Downtime - Catwalk","DOWNTIME - CATWALK GREASE CROWN,SWIVEL PACKING,STRAP PIPE",2015-12-31 15:15:05,2015-12-31 18:44:55,3.5,""
153,"Progress HZ Graham a-B45-L/94-B-8","Downtime - Catwalk","DOWNTIME - CATWALK ASSIST CANRIG TECK CLEAN ORGANIZE RIG",2016-01-01 08:00:05,2016-01-01 11:29:55,3.5,""
971,"SPHALERITE #1","Downtime - Catwalk","REPLACE CAN RIG SKATE CABLE",2016-04-03 04:00:05,2016-04-03 06:44:55,2.8,""
66,"CHEVRON WOODSIDE HZ LA JOLIE B-E003-K/094-0-12","Downtime - Catwalk","DOWNTIME - CATWALK",2016-03-23 04:30:05,2016-03-23 07:14:55,2.5,""
153,"Progress HZ Graham a-B45-L/94-B-8","Downtime - Catwalk","DOWNTIME - CATWALK (REPAIR HOSE & TRACK)",2015-12-28 23:00:05,2015-12-29 00:59:55,2,""
153,"Progress HZ Graham a-B45-L/94-B-8","Downtime - Catwalk","DOWNTIME - CATWALK REPLACE 2 BLOWN HOSES",2016-01-11 09:00:05,2016-01-11 10:59:55,2,""
133,"ECA CRP HZ TOWER 5-1-81-18","Downtime - Catwalk","DOWNTIME - CATWALK,TROUBLE SHOOT HYDRAULIC CATWALK COOLING FAN",2016-03-18 15:45:05,2016-03-18 16:44:55,1,""
148,"Progress HZ Graham c-H79-G/94-B-08","Downtime - Catwalk","DOWNTIME - CATWALK",2016-01-21 02:45:05,2016-01-21 03:44:55,1,"Yes"
773,"SUGG A 171-174 (ALLOC-H) 8NU","Downtime - Catwalk","TROUBLE SHOOT SKATE ON CATWALK.",2016-04-17 02:00:05,2016-04-17 02:59:55,1,"Yes"
153,"Progress HZ Graham a-B45-L/94-B-8","Downtime - Catwalk","DOWNTIME - CATWALK FIX HOSE",2015-12-28 22:00:05,2015-12-28 22:44:55,0.8,""
966,"SPRING GULLY 465","Downtime - Carriers and Trailers","Downtime - DAMAGED HANDRAIL, BARICADE OFF RIG FLOOR WRITE JSA & REPAIR HANDRAIL",2016-03-29 13:30:05,2016-03-29 14:59:55,1.5,""
161,"LOLOFF FARMS 26G-232","Downtime - BOP/choke","C/O DOUBLE GATE/PULL PLATFORM & ANNULAR/C/O KOOMEY FITTINGS",2016-03-13 18:43:55,2016-03-14 01:59:55,7.3,"Yes"
950,"RM 12-04-2","Downtime - BOP/choke","Downtime - BOP/choke ,ATTEMPT BOP SHELL/CONNECTION TEST, TEST FAILED",2016-04-18 18:30:05,2016-04-18 23:58:55,5.5,""
587,"PORTER 39-A","Downtime - BOP/choke","(BAG DID NOT TEST)NIPPLE DOWN BAG/INSTALL NEW BAG",2015-12-14 05:30:05,2015-12-14 10:59:55,5.3,""
153,"Progress HZ Graham a-B45-L/94-B-8","Downtime - BOP/choke","DOWNTIME - TROUBLE SHOOT ACCUM",2015-12-31 07:00:05,2015-12-31 10:59:55,3.8,""
152,"SPAUR 10Q-401","Downtime - BOP/choke","Downtime - BOP-REPLACE PIPE RAMS RUBBER SEALS",2016-04-01 02:30:05,2016-04-01 05:58:55,3.5,"Yes"
587,"PORTER 39-A","Downtime - BOP/choke","Downtime - ACCUMULATOR (LEAKING REGULATOR VALVE)",2015-12-26 07:00:05,2015-12-26 10:29:55,3.5,""
148,"Progress HZ Graham c-H79-G/94-B-08","Downtime - BOP/choke","NIPPLE UP ANNULAR AND INSTALL CATCH CAN & FLOW LINE",2015-12-21 18:45:05,2015-12-21 21:44:55,3,"Yes"
162,"GEE 848-22H","Downtime - BOP/choke","RETEST THE ANNULAR DUE TO CROSSED LINES/FIX HYD FITTING/CROSSED HYD LINES",2016-03-05 20:30:05,2016-03-05 22:59:55,2.5,"Yes"
144,"CHEVRON HZ 102 KAYBOBS 6-26-61-20","Downtime - BOP/choke","REPLACE UPPER PIPE RAM DOOR SEALS",2016-04-04 20:00:05,2016-04-04 21:59:55,2,""
152,"SPAUR 10Q-401","Downtime - BOP/choke","Downtime - BOP/choke-REPLACE PIPE RAMS",2016-04-01 06:00:05,2016-04-01 06:59:55,1,"Yes"
950,"RM 12-04-2","Downtime - BOP/choke","Downtime-BOP/choke,CHANGE OUT SEAT/GATE 2'' KILL VALVE,BLEED OUT AIR, FILL STACK",2016-04-19 00:00:05,2016-04-19 00:59:55,1,""
148,"Progress HZ Graham c-H79-G/94-B-08","Downtime - BOP/choke","NIPPLE DOWN ROTAING EQUIPMENT, FLOW LINE, CATCH TRAY AND PREP TO CHANGE OUT BOP ANNULAR",2015-12-21 18:00:05,2015-12-21 18:29:55,0.5,"Yes"
587,"PORTER 39-A","Downtime - BOP/choke","TEST B.O.P. TEST#9 ANNULAR T/300PSI LOW 3600PSI HIGH (TEST HELD)",2015-12-14 12:00:05,2015-12-14 12:29:55,0.5,""
141,"CVE FCCL E26P09 FISHER 12-28-70-3","Downtime - BOP/choke","WAIT ON NEW HCR VALVE, BLOW TOP DRIVE & REMOVE HCR VALVE",2016-03-17 03:00:05,2016-03-17 03:14:55,0.2,""
162,"GEE 848-22H","Downtime - Air Systems","Downtime - Air Systems TROUBLESHOOT AIR COMPRESSER",2016-04-02 06:00:05,2016-04-02 07:59:55,2,"Yes"
135,"CHESTNUT 21Q-321","Downtime - Air Systems","Downtime - Air Systems, AIR COMPRESSOR",2016-03-29 01:00:05,2016-03-29 01:44:55,0.8,"Yes"
